year,month,prefecture,foreign_total,korea,china,taiwan,usa,hongkong,thailand,singapore,australia,korea_visitors,china_visitors,taiwan_visitors,usa_visitors,hongkong_visitors,thailand_visitors,singapore_visitors,australia_visitors,avg_temp,rainfall
2023,1,北海道,623500,165590,30650,113440,21310,67740,36730,24430,50030,565251,31291,259340,88114,151939,63431,26658,52553,-4.4,71.5
2023,1,東京都,1976570,294080,134610,259290,222010,194350,72800,72720,127350,565251,31291,259340,88114,151939,63431,26658,52553,5.7,15.5
2023,1,長野県,123020,4000,4680,30650,3740,26790,7700,4210,19350,565251,31291,259340,88114,151939,63431,26658,52553,-0.1,23.0
2023,1,愛知県,94070,12500,6020,14740,3160,9640,9450,3050,1840,565251,31291,259340,88114,151939,63431,26658,52553,5.2,25.0
2023,1,京都府,409500,62520,20210,70840,41800,34730,5330,14470,23270,565251,31291,259340,88114,151939,63431,26658,52553,5.1,39.0
2023,1,大阪府,745160,252340,40350,94400,26740,89020,22940,23100,20670,565251,31291,259340,88114,151939,63431,26658,52553,6.5,46.0
2023,1,広島県,23530,1260,1050,4160,3810,730,440,740,2790,565251,31291,259340,88114,151939,63431,26658,52553,5.7,45.5
2023,1,福岡県,292630,182790,12380,32550,4190,16970,15390,2910,1700,565251,31291,259340,88114,151939,63431,26658,52553,7.2,97.0
2023,1,鹿児島県,17030,9500,640,1920,660,940,130,260,220,565251,31291,259340,88114,151939,63431,26658,52553,9.0,88.0
2023,1,沖縄県,161260,44340,6560,40770,26060,18510,490,660,720,565251,31291,259340,88114,151939,63431,26658,52553,17.5,55.0
2023,2,北海道,602600,151170,26370,121990,37390,57510,53010,22960,29630,568622,36285,248493,86946,119405,73292,27078,37680,-2.7,104.0
2023,2,東京都,1829590,343800,121630,240560,222050,137570,77140,71860,93210,568622,36285,248493,86946,119405,73292,27078,37680,7.3,40.5
2023,2,長野県,103420,2990,2760,28920,2660,18690,6720,4240,16760,568622,36285,248493,86946,119405,73292,27078,37680,1.0,24.5
2023,2,愛知県,83750,12120,5120,13740,3420,7750,10130,2470,1210,568622,36285,248493,86946,119405,73292,27078,37680,6.5,44.0
2023,2,京都府,347100,51830,16100,63390,40000,31500,6080,13740,18020,568622,36285,248493,86946,119405,73292,27078,37680,6.0,36.0
2023,2,大阪府,759480,274190,46150,110650,24660,59530,25270,19260,18490,568622,36285,248493,86946,119405,73292,27078,37680,7.0,33.5
2023,2,広島県,21390,890,800,3140,3010,690,360,540,1850,568622,36285,248493,86946,119405,73292,27078,37680,6.9,61.5
2023,2,福岡県,292140,174850,10570,33960,3480,20480,12630,2460,1180,568622,36285,248493,86946,119405,73292,27078,37680,9.0,60.0
2023,2,鹿児島県,14180,9230,440,1050,680,650,100,220,140,568622,36285,248493,86946,119405,73292,27078,37680,11.5,155.0
2023,2,沖縄県,129680,46760,3860,31310,23240,12180,290,1120,470,568622,36285,248493,86946,119405,73292,27078,37680,19.0,77.5
2023,3,北海道,420820,75270,17870,107080,15310,41070,47700,17160,8930,466810,75814,278902,203041,144881,107975,52671,45189,4.9,35.5
2023,3,東京都,2586650,232440,173270,250690,489110,145210,106970,115260,109860,466810,75814,278902,203041,144881,107975,52671,45189,12.9,145.0
2023,3,長野県,70540,1880,3960,11940,4540,8190,6640,4430,7790,466810,75814,278902,203041,144881,107975,52671,45189,8.3,61.0
2023,3,愛知県,132430,13850,10670,19440,9050,12620,13770,5380,3480,466810,75814,278902,203041,144881,107975,52671,45189,12.7,95.0
2023,3,京都府,685890,46690,29460,70480,138030,42120,11100,29510,32370,466810,75814,278902,203041,144881,107975,52671,45189,12.3,91.5
2023,3,大阪府,885440,198260,61370,112360,81790,86190,34930,47310,29220,466810,75814,278902,203041,144881,107975,52671,45189,13.0,76.0
2023,3,広島県,58090,920,1280,3930,8900,1070,640,760,4460,466810,75814,278902,203041,144881,107975,52671,45189,12.6,64.5
2023,3,福岡県,295270,146930,16500,35770,8860,25470,19600,5410,2760,466810,75814,278902,203041,144881,107975,52671,45189,13.6,89.5
2023,3,鹿児島県,24040,10220,1350,2170,1730,1610,270,1220,520,466810,75814,278902,203041,144881,107975,52671,45189,15.1,178.5
2023,3,沖縄県,170940,37690,4950,49710,38820,13480,3380,1440,890,466810,75814,278902,203041,144881,107975,52671,45189,20.0,81.5
2023,4,北海道,287190,45110,12560,64250,14990,30750,27110,19760,7370,466987,108295,291564,183893,152819,121022,41982,56123,9.2,61.0
2023,4,東京都,3009690,229480,209140,221560,479480,148770,135850,114920,163810,466987,108295,291564,183893,152819,121022,41982,56123,16.3,90.0
2023,4,長野県,111090,3720,4290,24550,5410,11530,8840,7800,5290,466987,108295,291564,183893,152819,121022,41982,56123,12.0,65.5
2023,4,愛知県,171210,13640,13660,32540,7930,12890,16680,4890,3890,466987,108295,291564,183893,152819,121022,41982,56123,15.9,144.0
2023,4,京都府,1011560,59950,42290,98500,184770,40530,18010,30340,63050,466987,108295,291564,183893,152819,121022,41982,56123,15.4,208.0
2023,4,大阪府,1140810,219260,80410,129780,95800,91570,60050,34730,48880,466987,108295,291564,183893,152819,121022,41982,56123,15.9,196.5
2023,4,広島県,118160,1770,2370,5410,15660,890,1020,1660,11310,466987,108295,291564,183893,152819,121022,41982,56123,15.7,246.5
2023,4,福岡県,305970,122730,17580,40790,9060,39450,29770,6520,4140,466987,108295,291564,183893,152819,121022,41982,56123,16.7,182.0
2023,4,鹿児島県,21890,5310,1570,2300,2080,1920,450,1050,600,466987,108295,291564,183893,152819,121022,41982,56123,18.2,212.5
2023,4,沖縄県,210070,33040,7850,57330,42330,18180,3010,880,2260,466987,108295,291564,183893,152819,121022,41982,56123,22.5,221.0
2023,5,北海道,345940,62820,16980,92590,20120,38080,9050,33080,7100,515717,134510,303343,183408,154393,80728,49746,40816,13.8,21.5
2023,5,東京都,2569620,254330,229530,200180,445410,129330,79720,94990,112540,515717,134510,303343,183408,154393,80728,49746,40816,19.0,159.0
2023,5,長野県,95420,9350,4390,22610,4420,8000,8880,5510,3580,515717,134510,303343,183408,154393,80728,49746,40816,16.3,116.0
2023,5,愛知県,140830,15450,14180,26460,6900,11530,11690,4520,3290,515717,134510,303343,183408,154393,80728,49746,40816,20.2,173.0
2023,5,京都府,853450,61760,55350,75630,145690,37090,12960,27510,40550,515717,134510,303343,183408,154393,80728,49746,40816,19.7,253.0
2023,5,大阪府,1211420,294720,127180,140500,97750,81130,49540,48330,41530,515717,134510,303343,183408,154393,80728,49746,40816,20.0,232.0
2023,5,広島県,87630,1690,2010,6200,15610,490,620,1580,5400,515717,134510,303343,183408,154393,80728,49746,40816,19.9,255.0
2023,5,福岡県,344350,156240,24150,42220,11100,36570,25250,5670,2840,515717,134510,303343,183408,154393,80728,49746,40816,20.2,246.0
2023,5,鹿児島県,16930,1880,1330,2220,1930,1830,300,870,560,515717,134510,303343,183408,154393,80728,49746,40816,21.6,208.0
2023,5,沖縄県,208020,41640,8980,63760,43800,20560,1700,1100,1210,515717,134510,303343,183408,154393,80728,49746,40816,24.3,100.5
2023,6,北海道,455360,115240,21820,115350,20690,46520,5910,45480,5950,545089,208573,388976,226806,186324,51351,54568,42424,19.3,133.5
2023,6,東京都,2846640,274130,369390,290260,526620,164730,54550,120120,107180,545089,208573,388976,226806,186324,51351,54568,42424,23.2,347.0
2023,6,長野県,58240,3200,4820,15920,4460,6420,3700,3530,2080,545089,208573,388976,226806,186324,51351,54568,42424,21.0,141.5
2023,6,愛知県,156420,15400,20990,33870,7410,12330,5990,6280,2090,545089,208573,388976,226806,186324,51351,54568,42424,23.8,377.5
2023,6,京都府,805190,57830,106900,106580,151950,43840,7890,28180,31990,545089,208573,388976,226806,186324,51351,54568,42424,23.6,228.0
2023,6,大阪府,1299720,257070,206880,200200,113480,83750,29760,60290,29980,545089,208573,388976,226806,186324,51351,54568,42424,23.8,262.0
2023,6,広島県,62580,1250,2580,7010,13700,890,400,1220,4940,545089,208573,388976,226806,186324,51351,54568,42424,23.3,219.0
2023,6,福岡県,372870,164370,24960,62600,14520,55220,15280,5660,2190,545089,208573,388976,226806,186324,51351,54568,42424,24.4,169.0
2023,6,鹿児島県,19410,1460,2590,3810,1460,4840,140,810,240,545089,208573,388976,226806,186324,51351,54568,42424,24.3,534.0
2023,6,沖縄県,233210,41620,11710,65470,50980,25640,360,1380,890,545089,208573,388976,226806,186324,51351,54568,42424,27.2,400.5
2023,7,北海道,633900,205020,42690,141080,23070,62990,11820,29250,5520,626830,313328,422356,198845,216413,49613,25320,35650,23.8,61.5
2023,7,東京都,3176950,300740,567630,327300,494730,196590,57590,62980,105810,626830,313328,422356,198845,216413,49613,25320,35650,28.7,30.0
2023,7,長野県,57730,2140,7640,14410,3500,5880,2020,1410,2440,626830,313328,422356,198845,216413,49613,25320,35650,25.9,109.5
2023,7,愛知県,164750,15620,29060,29160,8650,15820,4140,2840,3120,626830,313328,422356,198845,216413,49613,25320,35650,28.9,144.0
2023,7,京都府,923060,61980,158460,125790,142050,44590,9320,13870,33100,626830,313328,422356,198845,216413,49613,25320,35650,29.1,74.5
2023,7,大阪府,1527160,293200,318540,236080,102680,125010,31740,21140,28670,626830,313328,422356,198845,216413,49613,25320,35650,28.9,100.5
2023,7,広島県,88230,2650,3830,9060,16730,1640,530,800,4970,626830,313328,422356,198845,216413,49613,25320,35650,27.9,307.5
2023,7,福岡県,407790,181350,29360,55430,10410,51380,8690,2400,5380,626830,313328,422356,198845,216413,49613,25320,35650,28.9,536.5
2023,7,鹿児島県,20700,1560,3950,2030,1260,5730,140,230,220,626830,313328,422356,198845,216413,49613,25320,35650,28.9,440.0
2023,7,沖縄県,277130,46390,20520,79620,60090,28170,440,540,1870,626830,313328,422356,198845,216413,49613,25320,35650,29.6,92.0
2023,8,北海道,527250,193860,45870,121110,15640,49410,8610,15250,3750,569092,364228,396346,138362,206267,33166,20276,27565,26.7,69.5
2023,8,東京都,2977400,261510,644740,305130,364510,192200,48830,52650,74590,569092,364228,396346,138362,206267,33166,20276,27565,29.2,132.5
2023,8,長野県,47070,2180,6160,10540,2670,4920,1490,1010,1220,569092,364228,396346,138362,206267,33166,20276,27565,28.2,85.0
2023,8,愛知県,159460,13640,39440,28170,7130,21300,3740,2480,2090,569092,364228,396346,138362,206267,33166,20276,27565,29.4,156.5
2023,8,京都府,883260,56840,183090,105110,88270,39030,4610,9200,19160,569092,364228,396346,138362,206267,33166,20276,27565,30.3,195.5
2023,8,大阪府,1432790,283740,373220,207640,62580,121020,20890,14240,19170,569092,364228,396346,138362,206267,33166,20276,27565,29.9,163.5
2023,8,広島県,92640,2660,4340,7140,10060,1540,500,750,2830,569092,364228,396346,138362,206267,33166,20276,27565,30.0,48.5
2023,8,福岡県,423990,189270,41600,61810,8810,58790,6600,1610,2100,569092,364228,396346,138362,206267,33166,20276,27565,29.7,164.0
2023,8,鹿児島県,20710,1200,4090,1800,1360,5380,110,310,270,569092,364228,396346,138362,206267,33166,20276,27565,29.3,381.5
2023,8,沖縄県,232020,36510,18440,69500,45480,24010,290,450,2500,569092,364228,396346,138362,206267,33166,20276,27565,28.6,738.5
2023,9,北海道,369920,91910,28750,105290,18710,40350,6810,16360,5560,570369,325645,385259,156637,151137,50492,38105,64005,21.5,146.0
2023,9,東京都,3011420,289500,508500,284080,442820,142020,46610,87860,170250,570369,325645,385259,156637,151137,50492,38105,64005,26.7,229.0
2023,9,長野県,57950,3220,4990,11530,3480,4860,2080,2020,3510,570369,325645,385259,156637,151137,50492,38105,64005,24.5,71.5
2023,9,愛知県,160070,18460,27700,26650,9740,15360,5010,3700,6030,570369,325645,385259,156637,151137,50492,38105,64005,27.3,98.5
2023,9,京都府,921690,70250,142940,99080,114620,36670,8180,18860,51990,570369,325645,385259,156637,151137,50492,38105,64005,27.7,70.0
2023,9,大阪府,1378350,323330,263520,185320,71440,81730,29360,33230,50050,570369,325645,385259,156637,151137,50492,38105,64005,27.9,44.0
2023,9,広島県,90640,2950,3990,7880,11380,1040,310,1190,8800,570369,325645,385259,156637,151137,50492,38105,64005,27.2,115.0
2023,9,福岡県,381550,170340,31390,57780,8440,50750,9550,4070,3130,570369,325645,385259,156637,151137,50492,38105,64005,26.9,104.5
2023,9,鹿児島県,20880,2400,2900,4420,990,4770,250,400,530,570369,325645,385259,156637,151137,50492,38105,64005,28.3,42.5
2023,9,沖縄県,231210,42040,16860,66800,48520,19860,430,850,2360,570369,325645,385259,156637,151137,50492,38105,64005,28.7,204.5
2023,10,北海道,494240,92160,35050,130090,24270,49870,29080,29460,9260,631124,256371,424857,211867,179316,124558,55116,62015,13.3,88.5
2023,10,東京都,3594150,309360,447670,297890,578150,136360,119850,128270,183170,631124,256371,424857,211867,179316,124558,55116,62015,18.9,147.0
2023,10,長野県,126070,10610,7190,24990,7090,12520,15040,6990,6100,631124,256371,424857,211867,179316,124558,55116,62015,14.1,41.5
2023,10,愛知県,196680,25110,28300,32580,9280,16750,14430,5740,5250,631124,256371,424857,211867,179316,124558,55116,62015,18.3,116.5
2023,10,京都府,1133000,71980,139320,116480,165010,38210,20890,32010,59940,631124,256371,424857,211867,179316,124558,55116,62015,18.2,60.5
2023,10,大阪府,1752870,403340,279930,209600,118880,92250,65280,51960,64160,631124,256371,424857,211867,179316,124558,55116,62015,19.3,77.5
2023,10,広島県,116370,3680,4320,8590,15730,860,600,1450,9560,631124,256371,424857,211867,179316,124558,55116,62015,18.9,8.5
2023,10,福岡県,465180,199290,39390,68640,12110,52340,23090,6840,4580,631124,256371,424857,211867,179316,124558,55116,62015,19.8,23.0
2023,10,鹿児島県,23290,2430,3840,2640,1560,4320,220,790,580,631124,256371,424857,211867,179316,124558,55116,62015,20.7,104.5
2023,10,沖縄県,234300,39180,15150,71480,47500,20140,630,1280,2820,631124,256371,424857,211867,179316,124558,55116,62015,26.0,81.0
2023,11,北海道,414270,100380,28120,103120,14460,34200,30610,22840,6670,649877,258343,403498,184769,200428,114108,86052,59571,6.7,126.5
2023,11,東京都,3363470,319600,402150,294580,522210,151990,107430,193800,178470,649877,258343,403498,184769,200428,114108,86052,59571,14.4,41.5
2023,11,長野県,98340,3600,6970,20690,4970,8710,10170,7880,5010,649877,258343,403498,184769,200428,114108,86052,59571,8.8,62.5
2023,11,愛知県,223410,21680,30900,32390,10030,21530,17570,10330,5680,649877,258343,403498,184769,200428,114108,86052,59571,13.6,70.5
2023,11,京都府,1087550,71470,150280,133870,156070,58160,26100,52300,53440,649877,258343,403498,184769,200428,114108,86052,59571,13.3,63.0
2023,11,大阪府,1679470,353410,244540,165970,114500,109070,73380,97150,61280,649877,258343,403498,184769,200428,114108,86052,59571,14.4,92.5
2023,11,広島県,119060,5070,5850,10290,15080,1310,1420,2830,10760,649877,258343,403498,184769,200428,114108,86052,59571,14.0,33.0
2023,11,福岡県,504110,202940,34350,70140,18620,64140,29510,14620,6290,649877,258343,403498,184769,200428,114108,86052,59571,15.1,52.0
2023,11,鹿児島県,34620,4180,4030,5750,2080,6130,610,1610,710,649877,258343,403498,184769,200428,114108,86052,59571,16.2,69.5
2023,11,沖縄県,215860,42680,10440,65990,46000,20400,530,1790,2030,649877,258343,403498,184769,200428,114108,86052,59571,22.6,56.5
2023,12,北海道,1009810,195880,114950,140520,27980,84190,79170,125640,30030,782726,312474,399500,183166,251080,125822,113695,89471,-0.7,47.0
2023,12,東京都,3436400,371830,463280,305400,457250,193800,130030,276460,201170,782726,312474,399500,183166,251080,125822,113695,89471,9.4,19.5
2023,12,長野県,115780,2280,10660,17820,4720,17460,5320,17150,12680,782726,312474,399500,183166,251080,125822,113695,89471,3.6,28.5
2023,12,愛知県,236680,34620,41730,40510,7550,25040,12530,13980,5080,782726,312474,399500,183166,251080,125822,113695,89471,8.4,60.0
2023,12,京都府,888790,83680,143320,125740,101040,59100,25290,59940,50620,782726,312474,399500,183166,251080,125822,113695,89471,8.2,26.0
2023,12,大阪府,1857250,412200,292730,189740,84110,127790,81890,138160,65650,782726,312474,399500,183166,251080,125822,113695,89471,9.3,19.5
2023,12,広島県,66520,7690,4400,8340,7760,1580,1300,3520,7590,782726,312474,399500,183166,251080,125822,113695,89471,8.2,56.0
2023,12,福岡県,544480,250000,39930,63920,11240,67070,29830,18490,4580,782726,312474,399500,183166,251080,125822,113695,89471,9.9,44.5
2023,12,鹿児島県,36300,8260,5640,4910,1520,6590,670,2020,540,782726,312474,399500,183166,251080,125822,113695,89471,11.4,96.0
2023,12,沖縄県,232940,49090,14430,64050,42860,30110,1010,8040,1290,782726,312474,399500,183166,251080,125822,113695,89471,19.7,183.0
2024,1,北海道,1078170,253050,173300,196110,36480,72590,72580,28120,65770,857039,416088,492288,131855,186300,90585,34140,103604,-1.8,153.5
2024,1,東京都,3178690,455330,486650,342580,341390,154050,80280,101460,275170,857039,416088,492288,131855,186300,90585,34140,103604,7.1,36.0
2024,1,長野県,202030,3070,12490,57220,8160,26650,5280,5970,44530,857039,416088,492288,131855,186300,90585,34140,103604,0.7,45.0
2024,1,愛知県,213310,37060,42160,48910,5370,23050,11430,3080,4670,857039,416088,492288,131855,186300,90585,34140,103604,6.0,29.5
2024,1,京都府,699210,72190,135250,119220,68430,41240,13480,19410,57840,857039,416088,492288,131855,186300,90585,34140,103604,6.0,53.5
2024,1,大阪府,1526210,432340,290340,184200,54450,80510,55110,37760,69910,857039,416088,492288,131855,186300,90585,34140,103604,7.1,23.5
2024,1,広島県,60240,11550,3440,7060,6980,1080,500,960,6920,857039,416088,492288,131855,186300,90585,34140,103604,6.5,42.5
2024,1,福岡県,507400,256490,33780,70900,7320,60730,18300,5890,3900,857039,416088,492288,131855,186300,90585,34140,103604,8.3,80.5
2024,1,鹿児島県,32930,14830,4090,3320,790,4710,110,250,510,857039,416088,492288,131855,186300,90585,34140,103604,10.1,29.0
2024,1,沖縄県,282650,53820,27330,78080,42330,20850,1840,5360,2040,857039,416088,492288,131855,186300,90585,34140,103604,17.9,43.0
2024,2,北海道,1114870,211430,216660,213950,58590,76910,78940,30110,44770,818562,459463,502237,148719,205884,101443,36915,66501,-1.9,117.0
2024,2,東京都,3193860,400450,626440,369220,346730,157080,90300,88790,166760,818562,459463,502237,148719,205884,101443,36915,66501,8.0,78.5
2024,2,長野県,177680,2550,15040,51810,6230,21220,6780,5480,33370,818562,459463,502237,148719,205884,101443,36915,66501,2.5,59.5
2024,2,愛知県,236810,36910,49130,53650,4930,20800,12070,3480,3130,818562,459463,502237,148719,205884,101443,36915,66501,8.1,138.5
2024,2,京都府,761120,67670,187860,125160,65870,36640,13650,17870,37100,818562,459463,502237,148719,205884,101443,36915,66501,7.6,111.0
2024,2,大阪府,1528030,375700,344630,214000,49660,91680,45110,30100,38890,818562,459463,502237,148719,205884,101443,36915,66501,8.4,92.5
2024,2,広島県,70180,17840,4720,11350,5570,1770,860,920,4360,818562,459463,502237,148719,205884,101443,36915,66501,8.4,141.5
2024,2,福岡県,503290,260130,41550,77180,7340,52310,13610,4840,2390,818562,459463,502237,148719,205884,101443,36915,66501,9.9,168.0
2024,2,鹿児島県,39030,17430,6320,4840,900,4930,200,670,320,818562,459463,502237,148719,205884,101443,36915,66501,13.5,218.0
2024,2,沖縄県,307330,49680,36500,92100,37300,23630,920,3930,2870,818562,459463,502237,148719,205884,101443,36915,66501,19.8,49.0
2024,3,北海道,622430,120260,56110,162780,23610,38320,79720,22060,14820,663102,452525,484454,290075,231373,131749,61047,82781,0.8,67.5
2024,3,東京都,4011710,327960,464700,317650,722670,152420,127440,144620,225580,663102,452525,484454,290075,231373,131749,61047,82781,9.6,188.5
2024,3,長野県,116830,1810,6290,21720,6780,9280,5160,6500,18930,663102,452525,484454,290075,231373,131749,61047,82781,4.0,124.0
2024,3,愛知県,262930,26810,47140,50700,10310,25200,14670,6670,5860,663102,452525,484454,290075,231373,131749,61047,82781,9.0,213.5
2024,3,京都府,1177780,68680,149640,116470,202290,47880,17630,34740,58800,663102,452525,484454,290075,231373,131749,61047,82781,8.7,189.0
2024,3,大阪府,1648530,305790,274720,183570,122330,99110,64310,46520,68880,663102,452525,484454,290075,231373,131749,61047,82781,9.5,154.5
2024,3,広島県,162860,14060,5830,12290,24330,2430,1490,2350,11420,663102,452525,484454,290075,231373,131749,61047,82781,9.6,155.5
2024,3,福岡県,520510,212420,46160,74170,15740,69340,24700,12940,5740,663102,452525,484454,290075,231373,131749,61047,82781,11.5,139.5
2024,3,鹿児島県,49190,10800,5250,5700,2750,7490,520,1370,1060,663102,452525,484454,290075,231373,131749,61047,82781,13.6,265.0
2024,3,沖縄県,286000,49340,24820,85570,45180,29720,1790,5600,2580,663102,452525,484454,290075,231373,131749,61047,82781,19.5,194.0
2024,4,北海道,446790,81410,39540,113570,18460,30660,39500,17630,8390,661259,533611,459723,228900,184460,142521,46324,80812,10.4,34.5
2024,4,東京都,4266850,298600,587610,276850,662590,147420,145350,120180,236410,661259,533611,459723,228900,184460,142521,46324,80812,17.1,115.5
2024,4,長野県,150510,4210,10340,43230,6760,12850,10680,8230,6720,661259,533611,459723,228900,184460,142521,46324,80812,14.5,87.0
2024,4,愛知県,327190,26500,74480,58190,14140,22430,18070,6290,7500,661259,533611,459723,228900,184460,142521,46324,80812,17.5,166.5
2024,4,京都府,1426440,65610,195340,103180,228110,38290,23750,31850,86290,661259,533611,459723,228900,184460,142521,46324,80812,17.6,159.5
2024,4,大阪府,1967240,314990,405190,172800,148370,87820,82180,44520,93050,661259,533611,459723,228900,184460,142521,46324,80812,17.8,150.5
2024,4,広島県,187760,9510,4930,8990,24410,1450,1250,1880,18610,661259,533611,459723,228900,184460,142521,46324,80812,17.5,182.5
2024,4,福岡県,570100,220730,47180,78320,15310,70300,33460,11930,6210,661259,533611,459723,228900,184460,142521,46324,80812,17.6,171.5
2024,4,鹿児島県,43640,7890,7530,4810,2730,7700,730,1370,870,661259,533611,459723,228900,184460,142521,46324,80812,19.3,163.5
2024,4,沖縄県,330580,51350,26090,119750,42020,30220,4350,4030,2450,661259,533611,459723,228900,184460,142521,46324,80812,23.9,470.5
2024,5,北海道,535150,110730,46060,129340,26920,37270,19880,40380,10040,738872,545552,466008,246972,217486,97408,62676,66476,14.2,40.0
2024,5,東京都,4005130,353300,631860,275950,659480,154410,86080,139570,206660,738872,545552,466008,246972,217486,97408,62676,66476,20.0,201.5
2024,5,長野県,146210,6640,7730,49850,5430,11850,13010,6870,5750,738872,545552,466008,246972,217486,97408,62676,66476,17.2,117.0
2024,5,愛知県,283190,28750,79450,55380,10500,20780,9470,7850,6390,738872,545552,466008,246972,217486,97408,62676,66476,19.7,206.5
2024,5,京都府,1314350,70920,206640,103430,207030,36900,15870,35890,64490,738872,545552,466008,246972,217486,97408,62676,66476,19.4,245.0
2024,5,大阪府,1886250,344440,427380,177430,133510,90400,55470,58970,76600,738872,545552,466008,246972,217486,97408,62676,66476,19.4,205.5
2024,5,広島県,155580,8090,6030,7730,21620,1810,1020,2080,13140,738872,545552,466008,246972,217486,97408,62676,66476,19.6,210.5
2024,5,福岡県,616110,251710,57320,79100,16520,70140,24140,12850,5710,738872,545552,466008,246972,217486,97408,62676,66476,20.2,119.5
2024,5,鹿児島県,40450,7240,7340,5330,2110,7560,590,1130,990,738872,545552,466008,246972,217486,97408,62676,66476,21.4,452.5
2024,5,沖縄県,356160,67100,30610,111040,48270,30640,3130,5450,3440,738872,545552,466008,246972,217486,97408,62676,66476,24.7,475.0
2024,6,北海道,638700,158200,59390,163800,29090,47000,12090,45490,9280,703277,665617,574487,296414,250604,54604,58925,61817,19.0,38.0
2024,6,東京都,4025890,351450,872860,374560,739590,199200,52870,137450,153460,703277,665617,574487,296414,250604,54604,58925,61817,23.1,350.0
2024,6,長野県,91030,3900,8600,27610,4800,8680,7570,4750,3000,703277,665617,574487,296414,250604,54604,58925,61817,21.4,62.5
2024,6,愛知県,315680,29920,109940,58190,10620,24260,6080,6510,3510,703277,665617,574487,296414,250604,54604,58925,61817,23.8,229.0
2024,6,京都府,1195910,68210,300420,126760,225670,45620,10350,29540,43340,703277,665617,574487,296414,250604,54604,58925,61817,24.0,279.0
2024,6,大阪府,2020960,318320,573320,255950,170940,111950,37710,58630,56460,703277,665617,574487,296414,250604,54604,58925,61817,23.9,297.0
2024,6,広島県,113110,8580,6860,10380,21790,1980,1290,2240,8850,703277,665617,574487,296414,250604,54604,58925,61817,23.5,332.5
2024,6,福岡県,596080,246690,67630,97630,13250,75400,10630,13270,3030,703277,665617,574487,296414,250604,54604,58925,61817,23.9,234.5
2024,6,鹿児島県,33050,4710,5950,5030,2080,9330,150,950,460,703277,665617,574487,296414,250604,54604,58925,61817,24.5,896.5
2024,6,沖縄県,403090,66550,34400,120910,58860,34730,3040,5240,5120,703277,665617,574487,296414,250604,54604,58925,61817,26.9,763.5
2024,7,北海道,856160,253090,108200,186370,35980,75190,24630,31600,9310,757679,776520,571698,251218,279069,53494,28115,48616,23.3,144.0
2024,7,東京都,4190130,359830,1083860,395220,597170,221850,53890,72720,135590,757679,776520,571698,251218,279069,53494,28115,48616,28.7,206.5
2024,7,長野県,83500,3920,9000,21100,4800,7030,4380,1880,1960,757679,776520,571698,251218,279069,53494,28115,48616,25.5,171.0
2024,7,愛知県,351350,30780,121520,69370,11620,26650,5400,2070,3350,757679,776520,571698,251218,279069,53494,28115,48616,29.4,154.0
2024,7,京都府,1225570,51470,324570,126540,163320,42920,7930,11060,36540,757679,776520,571698,251218,279069,53494,28115,48616,29.4,113.5
2024,7,大阪府,2204620,305120,728080,277230,137820,134710,28480,21630,50980,757679,776520,571698,251218,279069,53494,28115,48616,29.6,165.0
2024,7,広島県,124520,9790,6800,10740,19680,2300,440,860,6620,757679,776520,571698,251218,279069,53494,28115,48616,28.9,297.0
2024,7,福岡県,577460,255060,71820,87290,12440,78640,8820,4320,2240,757679,776520,571698,251218,279069,53494,28115,48616,29.9,195.0
2024,7,鹿児島県,31340,4650,8600,5130,1730,5150,230,450,330,757679,776520,571698,251218,279069,53494,28115,48616,29.9,316.5
2024,7,沖縄県,433240,67810,40530,116200,42270,34890,3120,2960,3270,757679,776520,571698,251218,279069,53494,28115,48616,30.5,98.0
2024,8,北海道,769300,262090,106550,177140,22710,57060,8140,16620,6370,612172,746010,564360,174051,246557,34667,24781,40999,24.6,102.5
2024,8,東京都,3664650,260160,984410,347400,441530,204810,38130,57660,101140,612172,746010,564360,174051,246557,34667,24781,40999,29.0,381.0
2024,8,長野県,65370,2540,9740,16300,2920,5020,1640,1030,1520,612172,746010,564360,174051,246557,34667,24781,40999,27.0,116.5
2024,8,愛知県,295040,21580,110360,66570,5980,25190,5040,1620,3090,612172,746010,564360,174051,246557,34667,24781,40999,30.2,282.0
2024,8,京都府,1138050,37530,298360,108220,120510,38460,4250,7800,25650,612172,746010,564360,174051,246557,34667,24781,40999,30.1,154.0
2024,8,大阪府,1926360,257250,701980,239990,84360,115810,18920,16820,34240,612172,746010,564360,174051,246557,34667,24781,40999,30.4,162.5
2024,8,広島県,112740,7320,6220,8580,10250,1400,890,870,4740,612172,746010,564360,174051,246557,34667,24781,40999,30.7,53.5
2024,8,福岡県,595700,245560,70610,92420,8790,74020,6370,3210,1800,612172,746010,564360,174051,246557,34667,24781,40999,30.5,225.0
2024,8,鹿児島県,30310,3520,8970,5120,1160,5320,240,340,310,612172,746010,564360,174051,246557,34667,24781,40999,30.5,316.5
2024,8,沖縄県,399720,65190,47420,128510,46470,35410,1560,2350,2260,612172,746010,564360,174051,246557,34667,24781,40999,30.2,110.0
2024,9,北海道,545930,160590,60560,140010,22590,42030,6750,16650,7310,656753,652405,470635,191942,170216,45522,37433,85667,19.9,74.5
2024,9,東京都,3560300,285980,672310,291170,525880,136620,35150,85770,226830,656753,652405,470635,191942,170216,45522,37433,85667,26.6,111.5
2024,9,長野県,74790,3090,8020,19250,4460,5560,2480,2330,4310,656753,652405,470635,191942,170216,45522,37433,85667,24.6,129.5
2024,9,愛知県,236730,27850,66610,44520,8830,17640,5550,3150,5100,656753,652405,470635,191942,170216,45522,37433,85667,28.2,89.0
2024,9,京都府,1112090,52670,232800,95130,135780,26540,6490,16830,66930,656753,652405,470635,191942,170216,45522,37433,85667,28.6,39.5
2024,9,大阪府,1758500,275160,500570,182160,94220,70320,25450,31780,81070,656753,652405,470635,191942,170216,45522,37433,85667,28.6,94.5
2024,9,広島県,138380,7810,14810,8950,12840,1730,410,1450,11150,656753,652405,470635,191942,170216,45522,37433,85667,28.8,46.5
2024,9,福岡県,522360,224600,67040,85040,10520,61640,6570,7040,3860,656753,652405,470635,191942,170216,45522,37433,85667,28.8,115.5
2024,9,鹿児島県,34260,8270,7710,5930,1520,3790,310,590,740,656753,652405,470635,191942,170216,45522,37433,85667,28.8,164.0
2024,9,沖縄県,407950,70230,38040,94600,46010,29870,1410,2740,3450,656753,652405,470635,191942,170216,45522,37433,85667,28.8,295.5
2024,10,北海道,685780,138270,74570,172270,36420,55340,42500,36730,12240,732167,582919,478902,278461,198827,132188,68790,90157,13.8,160.0
2024,10,東京都,4629980,344530,696050,277350,795860,142340,119770,150390,263020,732167,582919,478902,278461,198827,132188,68790,90157,20.6,174.5
2024,10,長野県,147310,6510,8960,23560,9040,10640,16010,6960,7230,732167,582919,478902,278461,198827,132188,68790,90157,17.5,121.0
2024,10,愛知県,319520,34880,86300,51820,12510,21710,17630,7580,8820,732167,582919,478902,278461,198827,132188,68790,90157,21.6,165.5
2024,10,京都府,1525310,70340,229870,89510,255080,28970,16570,35500,91510,732167,582919,478902,278461,198827,132188,68790,90157,21.6,118.0
2024,10,大阪府,2118380,315150,489960,187840,165290,76810,70130,60430,112140,732167,582919,478902,278461,198827,132188,68790,90157,22.1,116.5
2024,10,広島県,204570,9660,16000,9310,23980,1670,1210,2570,18940,732167,582919,478902,278461,198827,132188,68790,90157,21.3,185.0
2024,10,福岡県,583380,229790,62950,83890,18110,66710,19940,13190,6910,732167,582919,478902,278461,198827,132188,68790,90157,22.0,140.0
2024,10,鹿児島県,45450,11710,8280,5970,2700,4030,430,1930,980,732167,582919,478902,278461,198827,132188,68790,90157,24.6,119.0
2024,10,沖縄県,425540,71620,35030,125520,61230,26970,3910,5060,3890,732167,582919,478902,278461,198827,132188,68790,90157,27.6,338.5
2024,11,北海道,600420,133360,72780,144990,19680,43880,34550,26190,9030,749506,546339,488362,247464,227062,118001,95830,80266,6.0,134.0
2024,11,東京都,4233460,324340,580840,298520,716500,160590,104980,201500,225790,749506,546339,488362,247464,227062,118001,95830,80266,13.7,82.0
2024,11,長野県,151210,4130,11920,28650,8650,11280,11930,11380,7700,749506,546339,488362,247464,227062,118001,95830,80266,9.3,86.0
2024,11,愛知県,331830,28150,79670,53680,13890,26040,16380,12460,9790,749506,546339,488362,247464,227062,118001,95830,80266,14.6,98.0
2024,11,京都府,1315990,61580,202390,106330,213460,42250,21980,44700,73330,749506,546339,488362,247464,227062,118001,95830,80266,14.2,134.0
2024,11,大阪府,2069510,320760,486590,177680,151890,86590,72070,97210,92560,749506,546339,488362,247464,227062,118001,95830,80266,15.1,122.0
2024,11,広島県,177430,8520,13740,15320,21470,4680,1140,3470,14820,749506,546339,488362,247464,227062,118001,95830,80266,14.3,258.0
2024,11,福岡県,604680,216450,65050,88440,23160,70050,22320,19510,8620,749506,546339,488362,247464,227062,118001,95830,80266,15.7,352.5
2024,11,鹿児島県,52020,12890,7570,8120,4010,5100,520,3040,1140,749506,546339,488362,247464,227062,118001,95830,80266,18.3,111.5
2024,11,沖縄県,375790,70820,20370,109490,55310,28990,3250,7080,2270,749506,546339,488362,247464,227062,118001,95830,80266,23.9,208.5
2024,12,北海道,1393260,253310,265890,206360,39740,100680,73530,134830,36690,867377,604293,491162,238523,285553,146666,136250,112500,-1.9,54.5
2024,12,東京都,4472080,407970,759410,339750,618770,213150,167730,305890,264100,867377,604293,491162,238523,285553,146666,136250,112500,8.1,0.5
2024,12,長野県,167820,1760,18540,20940,9370,16270,10980,24930,18030,867377,604293,491162,238523,285553,146666,136250,112500,1.7,33.5
2024,12,愛知県,352500,40990,84570,56060,9530,31250,18910,19880,6860,867377,604293,491162,238523,285553,146666,136250,112500,7.0,1.0
2024,12,京都府,1205230,84310,262550,131150,151340,50550,28290,72380,77780,867377,604293,491162,238523,285553,146666,136250,112500,7.0,7.5
2024,12,大阪府,2009880,294460,514110,186730,114020,108010,84560,139590,102360,867377,604293,491162,238523,285553,146666,136250,112500,8.6,6.0
2024,12,広島県,103180,10980,8450,11380,13030,5740,1470,4770,11570,867377,604293,491162,238523,285553,146666,136250,112500,7.4,3.0
2024,12,福岡県,651980,268520,71850,91160,16190,68010,24540,27640,6550,867377,604293,491162,238523,285553,146666,136250,112500,9.1,29.5
2024,12,鹿児島県,53690,23020,7920,6220,1650,5540,600,2680,850,867377,604293,491162,238523,285553,146666,136250,112500,9.9,12.5
2024,12,沖縄県,372280,86170,27420,107620,42870,41580,4590,12050,1870,867377,604293,491162,238523,285553,146666,136250,112500,18.6,23.5
2025,1,北海道,1724790,284170,531230,265820,53200,90720,68620,41610,119330,967100,980520,593431,182556,243687,96811,45707,140185,-1.2,68.5
2025,1,東京都,4090050,436160,967380,393460,447590,170230,114000,108220,355730,967100,980520,593431,182556,243687,96811,45707,140185,6.6,26.0
2025,1,長野県,287360,3850,37060,73100,12320,27970,7690,10750,61940,967100,980520,593431,182556,243687,96811,45707,140185,0.8,19.0
2025,1,愛知県,402970,51980,129920,73920,7770,27980,13900,6070,7050,967100,980520,593431,182556,243687,96811,45707,140185,5.6,14.0
2025,1,京都府,968930,80070,274250,112210,84340,32050,11900,19480,72070,967100,980520,593431,182556,243687,96811,45707,140185,5.4,14.0
2025,1,大阪府,2008420,313300,699790,209350,90060,76860,51180,38380,113570,967100,980520,593431,182556,243687,96811,45707,140185,6.8,22.0
2025,1,広島県,78020,8040,9540,12480,7850,3420,670,1530,7370,967100,980520,593431,182556,243687,96811,45707,140185,5.7,8.5
2025,1,福岡県,661840,302460,82110,106070,11500,65400,15450,10770,7380,967100,980520,593431,182556,243687,96811,45707,140185,6.8,34.5
2025,1,鹿児島県,57430,27040,9410,6170,1260,4760,170,820,630,967100,980520,593431,182556,243687,96811,45707,140185,8.3,56.0
2025,1,沖縄県,425620,101790,47130,134740,66970,24910,2860,4860,1690,967100,980520,593431,182556,243687,96811,45707,140185,16.8,95.5
2025,2,北海道,1487940,229920,390720,266280,81940,83230,81070,40940,66020,847358,722924,507346,191494,195543,116797,42270,88767,-0.9,118.0
2025,2,東京都,3625950,364350,834420,307690,470350,150930,119910,105690,227120,847358,722924,507346,191494,195543,116797,42270,88767,6.5,6.5
2025,2,長野県,241330,3640,31010,51450,11790,23040,12120,9190,44560,847358,722924,507346,191494,195543,116797,42270,88767,-0.2,31.5
2025,2,愛知県,349310,43330,109430,65380,7810,22140,16290,4880,5260,847358,722924,507346,191494,195543,116797,42270,88767,4.6,16.5
2025,2,京都府,878900,64030,235370,100420,93290,23880,12730,16480,49530,847358,722924,507346,191494,195543,116797,42270,88767,4.3,19.0
2025,2,大阪府,1765600,313360,597220,176370,73860,66900,62810,31090,67460,847358,722924,507346,191494,195543,116797,42270,88767,5.3,15.5
2025,2,広島県,73300,7010,7770,9520,7060,4020,440,1110,6300,847358,722924,507346,191494,195543,116797,42270,88767,4.1,47.5
2025,2,福岡県,540410,242060,64620,88940,9530,51790,11750,7840,3650,847358,722924,507346,191494,195543,116797,42270,88767,5.7,36.0
2025,2,鹿児島県,44030,22670,6840,4630,1190,3380,180,620,380,847358,722924,507346,191494,195543,116797,42270,88767,7.6,105.5
2025,2,沖縄県,366730,95370,38860,103730,48150,24710,3170,4690,1290,847358,722924,507346,191494,195543,116797,42270,88767,16.0,76.0
2025,3,北海道,834450,133840,128770,213290,30500,52160,85350,40710,25880,691725,661817,522886,342752,208369,148226,65297,84761,2.0,94.5
2025,3,東京都,4444750,288440,633550,301470,913260,134260,149280,140400,232610,691725,661817,522886,342752,208369,148226,65297,84761,10.7,153.0
2025,3,長野県,121260,2500,7950,17180,10530,7400,5520,8070,16930,691725,661817,522886,342752,208369,148226,65297,84761,5.8,41.5
2025,3,愛知県,371260,36130,107400,64390,16780,23390,17790,8080,10550,691725,661817,522886,342752,208369,148226,65297,84761,10.4,96.5
2025,3,京都府,1280620,61390,188960,85370,262380,25640,18480,25370,65850,691725,661817,522886,342752,208369,148226,65297,84761,10.0,97.0
2025,3,大阪府,1862010,237750,474840,146280,173590,65580,66580,46060,85800,691725,661817,522886,342752,208369,148226,65297,84761,10.9,77.0
2025,3,広島県,160670,6070,10540,10670,21560,5240,950,2480,13010,691725,661817,522886,342752,208369,148226,65297,84761,10.6,158.0
2025,3,福岡県,634680,224030,78050,108410,19410,73430,21240,15820,7960,691725,661817,522886,342752,208369,148226,65297,84761,11.9,123.5
2025,3,鹿児島県,57360,19380,9170,7930,2940,4950,390,1360,1040,691725,661817,522886,342752,208369,148226,65297,84761,13.9,136.5
2025,3,沖縄県,408860,83560,33130,129670,70890,28480,3550,5180,1950,691725,661817,522886,342752,208369,148226,65297,84761,19.4,87.5
2025,4,北海道,555150,83480,59820,147780,25010,38550,45910,23230,14720,721672,765189,537638,327542,263649,158470,59996,115235,8.5,110.0
2025,4,東京都,4850290,250160,663640,278150,853490,149230,163640,131210,297910,721672,765189,537638,327542,263649,158470,59996,115235,15.6,154.5
2025,4,長野県,170520,5120,13950,34130,11050,12840,15180,8410,8150,721672,765189,537638,327542,263649,158470,59996,115235,11.9,40.0
2025,4,愛知県,461380,47450,125210,74960,17480,33150,22520,10820,14770,721672,765189,537638,327542,263649,158470,59996,115235,15.7,110.5
2025,4,京都府,1798040,59820,222820,90390,316770,31560,23370,32610,110100,721672,765189,537638,327542,263649,158470,59996,115235,15.4,51.0
2025,4,大阪府,2311520,214280,546010,161840,213690,74090,82960,47400,127530,721672,765189,537638,327542,263649,158470,59996,115235,15.9,63.5
2025,4,広島県,264390,5820,10360,10940,33080,5360,1550,2770,23850,721672,765189,537638,327542,263649,158470,59996,115235,15.5,100.5
2025,4,福岡県,723450,241230,100430,119430,21870,83820,29580,19180,10730,721672,765189,537638,327542,263649,158470,59996,115235,16.2,37.0
2025,4,鹿児島県,50140,13780,9620,6750,2820,4040,530,1530,940,721672,765189,537638,327542,263649,158470,59996,115235,17.2,166.0
2025,4,沖縄県,530070,94800,55840,150370,73770,51620,4700,7670,6190,721672,765189,537638,327542,263649,158470,59996,115235,20.5,172.0
2025,5,北海道,603730,125580,63920,151280,34140,35300,26530,37190,9950,825883,790089,538428,311933,193044,108106,63257,78874,14.9,45.0
2025,5,東京都,4743820,336120,744520,291880,820790,123070,116250,136440,234640,825883,790089,538428,311933,193044,108106,63257,78874,19.2,206.0
2025,5,長野県,147670,5670,11520,39530,8270,6090,14910,7550,5770,825883,790089,538428,311933,193044,108106,63257,78874,16.7,86.0
2025,5,愛知県,417570,57710,125150,68870,13140,24220,12060,10320,11360,825883,790089,538428,311933,193044,108106,63257,78874,19.7,192.0
2025,5,京都府,1505840,64640,233250,70890,258730,22250,18390,31120,75390,825883,790089,538428,311933,193044,108106,63257,78874,20.0,180.0
2025,5,大阪府,2156390,246700,573130,163880,184540,60100,68110,48720,88090,825883,790089,538428,311933,193044,108106,63257,78874,20.1,184.0
2025,5,広島県,203850,8340,7920,10410,25540,4100,1560,2520,17740,825883,790089,538428,311933,193044,108106,63257,78874,19.6,212.0
2025,5,福岡県,687180,263180,94510,106700,18850,70820,20320,17170,9030,825883,790089,538428,311933,193044,108106,63257,78874,19.6,219.0
2025,5,鹿児島県,43460,10740,9410,5550,2740,2200,190,1350,1090,825883,790089,538428,311933,193044,108106,63257,78874,20.7,460.5
2025,5,沖縄県,548980,112700,56010,169250,77060,29240,3130,6490,4420,825883,790089,538428,311933,193044,108106,63257,78874,24.4,325.0
2025,6,北海道,689740,196590,71670,159380,39470,30850,14020,50590,8830,729860,798001,585070,345150,166764,52059,68629,59422,20.6,27.5
2025,6,東京都,4319690,308410,862240,349580,890750,105550,66280,134720,151760,729860,798001,585070,345150,166764,52059,68629,59422,24.7,100.0
2025,6,長野県,83000,3290,9680,21190,7370,3530,6060,4470,3430,729860,798001,585070,345150,166764,52059,68629,59422,22.5,117.5
2025,6,愛知県,348880,48440,110110,65930,17390,15780,6140,8650,6160,729860,798001,585070,345150,166764,52059,68629,59422,24.9,266.5
2025,6,京都府,1296460,59110,316160,88740,264760,17640,10220,27760,43950,729860,798001,585070,345150,166764,52059,68629,59422,25.3,295.5
2025,6,大阪府,1974210,215860,609960,196050,199790,50920,38110,54690,54740,729860,798001,585070,345150,166764,52059,68629,59422,25.4,284.5
2025,6,広島県,132240,6150,8610,11660,24610,3210,810,2120,8510,729860,798001,585070,345150,166764,52059,68629,59422,24.7,229.0
2025,6,福岡県,664930,259070,100240,124690,17820,65080,9140,14370,4530,729860,798001,585070,345150,166764,52059,68629,59422,25.0,373.5
2025,6,鹿児島県,31440,7720,7650,5340,2490,1290,280,890,630,729860,798001,585070,345150,166764,52059,68629,59422,26.2,476.0
2025,6,沖縄県,570140,92250,66990,191540,75750,35690,2810,10090,4270,729860,798001,585070,345150,166764,52059,68629,59422,28.6,177.5
2025,7,北海道,917720,268920,146780,214470,53010,52710,21390,29780,9750,678566,974564,604177,277080,176019,48553,24304,50174,25.8,63.0
2025,7,東京都,3904150,223640,1029590,334040,651950,98040,48710,51250,122400,678566,974564,604177,277080,176019,48553,24304,50174,28.4,74.5
2025,7,長野県,97870,2840,13560,22140,5870,2970,3110,1470,2200,678566,974564,604177,277080,176019,48553,24304,50174,27.7,22.0
2025,7,愛知県,342110,36270,113270,79270,14340,17660,5050,1980,3940,678566,974564,604177,277080,176019,48553,24304,50174,29.4,195.5
2025,7,京都府,1278330,37280,389020,99970,183510,17790,6370,7990,38420,678566,974564,604177,277080,176019,48553,24304,50174,30.3,180.5
2025,7,大阪府,1914990,155970,694690,183060,161840,51040,29110,20010,54650,678566,974564,604177,277080,176019,48553,24304,50174,30.2,103.5
2025,7,広島県,132460,7630,8150,11080,20480,2580,550,870,6420,678566,974564,604177,277080,176019,48553,24304,50174,29.8,64.0
2025,7,福岡県,560300,205410,94250,120390,12710,52160,5980,4330,3030,678566,974564,604177,277080,176019,48553,24304,50174,30.0,90.0
2025,7,鹿児島県,28450,4450,11220,4010,1800,760,100,200,320,678566,974564,604177,277080,176019,48553,24304,50174,29.2,195.0
2025,7,沖縄県,574270,90180,91690,204110,66980,36220,3440,3490,5440,678566,974564,604177,277080,176019,48553,24304,50174,29.0,460.0
2025,8,北海道,800270,257930,136060,192160,28690,50730,9810,15720,6350,660917,1018747,620753,194525,226069,35499,20512,41250,24.7,118.5
2025,8,東京都,3906110,233110,1116930,344240,465680,136500,36120,48400,99200,660917,1018747,620753,194525,226069,35499,20512,41250,29.6,68.5
2025,8,長野県,75370,3240,13830,16130,3690,2740,1280,780,1160,660917,1018747,620753,194525,226069,35499,20512,41250,26.9,132.0
2025,8,愛知県,347530,34920,136410,77490,7960,22560,3230,1210,2650,660917,1018747,620753,194525,226069,35499,20512,41250,30.7,28.0
2025,8,京都府,1300760,48120,409430,90940,118260,22500,5610,6810,26370,660917,1018747,620753,194525,226069,35499,20512,41250,30.2,305.5
2025,8,大阪府,1895670,159570,751660,193470,101430,69250,19360,15960,32480,660917,1018747,620753,194525,226069,35499,20512,41250,30.8,54.5
2025,8,広島県,144520,7850,9600,10780,15520,3540,570,920,4340,660917,1018747,620753,194525,226069,35499,20512,41250,29.7,273.0
2025,8,福岡県,643620,223190,113940,137500,11230,77290,4730,4000,2560,660917,1018747,620753,194525,226069,35499,20512,41250,29.9,297.5
2025,8,鹿児島県,27030,4690,10510,3750,1060,630,40,130,300,660917,1018747,620753,194525,226069,35499,20512,41250,29.6,341.5
2025,8,沖縄県,653350,85700,116500,236580,54240,52070,2370,1110,3420,660917,1018747,620753,194525,226069,35499,20512,41250,29.5,223.5
2025,9,北海道,579790,153170,68010,152690,28820,35590,11560,16270,9090,670563,775657,526982,224793,149472,51283,40495,96610,20.7,161.0
2025,9,東京都,3872510,254830,660260,257360,583160,94520,40480,74660,223960,670563,775657,526982,224793,149472,51283,40495,96610,26.5,203.5
2025,9,長野県,82670,3060,8280,14010,5990,2910,2320,2600,4300,670563,775657,526982,224793,149472,51283,40495,96610,23.5,103.5
2025,9,愛知県,308030,45010,86710,65770,10360,12980,6420,4520,7230,670563,775657,526982,224793,149472,51283,40495,96610,27.5,159.0
2025,9,京都府,1255580,44780,247370,76730,173090,15480,8040,14380,67280,670563,775657,526982,224793,149472,51283,40495,96610,27.6,90.5
2025,9,大阪府,1419730,125580,354840,131730,110180,37700,21350,27610,71010,670563,775657,526982,224793,149472,51283,40495,96610,28.1,158.0
2025,9,広島県,156440,7550,8260,8760,17680,2940,460,1090,14090,670563,775657,526982,224793,149472,51283,40495,96610,27.0,214.5
2025,9,福岡県,593280,202540,98850,120040,15820,64330,5840,8760,6080,670563,775657,526982,224793,149472,51283,40495,96610,28.0,116.0
2025,9,鹿児島県,36170,7720,9780,3970,3850,590,90,390,910,670563,775657,526982,224793,149472,51283,40495,96610,28.6,219.5
2025,9,沖縄県,585250,96120,83730,206440,57240,37530,2640,1070,5760,670563,775657,526982,224793,149472,51283,40495,96610,29.7,92.0
2025,10,北海道,811040,178980,97240,203460,41590,59380,35540,34860,12460,867261,715804,595915,335744,196017,125894,65745,96158,11.9,55.0
2025,10,東京都,4613900,315420,676540,294200,825380,109640,97980,123880,255600,867261,715804,595915,335744,196017,125894,65745,96158,18.5,106.5
2025,10,長野県,180920,11120,18250,36690,11000,8910,14410,7730,7450,867261,715804,595915,335744,196017,125894,65745,96158,15.8,145.5
2025,10,愛知県,421870,70370,103170,77950,14450,22420,18230,10340,10140,867261,715804,595915,335744,196017,125894,65745,96158,20.1,132.5
2025,10,京都府,1499470,61930,254990,75310,231030,16940,13160,27460,83850,867261,715804,595915,335744,196017,125894,65745,96158,20.6,163.5
2025,10,大阪府,2055280,256800,519460,171710,179080,56080,54230,47280,87400,867261,715804,595915,335744,196017,125894,65745,96158,21.1,101.0
2025,10,広島県,229710,11470,11420,12580,27850,3710,1190,2610,18330,867261,715804,595915,335744,196017,125894,65745,96158,21.0,92.0
2025,10,福岡県,717500,246490,107790,123970,22770,58760,18620,14800,8980,867261,715804,595915,335744,196017,125894,65745,96158,22.4,128.0
2025,10,鹿児島県,57470,15710,14990,5180,3510,1090,470,1280,1190,867261,715804,595915,335744,196017,125894,65745,96158,24.6,97.0
2025,10,沖縄県,647170,124300,85390,188780,61080,32600,4040,3860,5770,867261,715804,595915,335744,196017,125894,65745,96158,28.0,209.0
2025,11,北海道,649760,159080,88510,169770,25110,48540,26710,25560,11170,824567,562184,542389,302547,207633,117396,89393,85631,5.4,164.0
2025,11,東京都,4247930,265740,495530,268690,804430,126470,130500,163990,230350,824567,562184,542389,302547,207633,117396,89393,85631,12.8,17.0
2025,11,長野県,139700,4700,10760,22410,12100,5850,10260,8580,7570,824567,562184,542389,302547,207633,117396,89393,85631,7.7,30.0
2025,11,愛知県,399300,52490,84920,75510,15620,24070,20160,14590,10710,824567,562184,542389,302547,207633,117396,89393,85631,12.8,34.0
2025,11,京都府,1347000,63460,196090,92370,208680,27740,18410,34990,67440,824567,562184,542389,302547,207633,117396,89393,85631,12.5,27.5
2025,11,大阪府,1955030,259420,405400,157070,200490,72990,51360,69360,89190,824567,562184,542389,302547,207633,117396,89393,85631,13.9,28.0
2025,11,広島県,192000,11050,9540,11420,24030,4900,1160,3170,14790,824567,562184,542389,302547,207633,117396,89393,85631,13.3,33.0
2025,11,福岡県,644420,196310,69470,119310,32770,63120,21640,21100,11930,824567,562184,542389,302547,207633,117396,89393,85631,14.8,28.0
2025,11,鹿児島県,62970,24480,7240,7920,4580,1350,310,2170,1270,824567,562184,542389,302547,207633,117396,89393,85631,16.5,51.5
2025,11,沖縄県,479460,87720,40720,153320,41120,30790,2900,3230,4430,824567,562184,542389,302547,207633,117396,89393,85631,23.4,165.0
2025,12,北海道,1556600,304030,217000,267430,54770,105850,92300,155020,52370,974239,330435,588409,270704,291133,174009,140646,121329,-0.1,110.5
2025,12,東京都,4519610,400020,494810,384960,681310,204090,200360,293600,272690,974239,330435,588409,270704,291133,174009,140646,121329,8.4,36.5
2025,12,長野県,213820,2140,17910,28280,13470,20580,14060,37460,21100,974239,330435,588409,270704,291133,174009,140646,121329,2.9,67.0
2025,12,愛知県,361330,66040,40490,80000,11150,27590,21260,23100,6900,974239,330435,588409,270704,291133,174009,140646,121329,8.2,61.0
2025,12,京都府,1181500,87690,163400,132910,166460,45420,32130,58700,75180,974239,330435,588409,270704,291133,174009,140646,121329,8.3,57.5
2025,12,大阪府,1860320,336700,244440,188810,139950,103600,91020,118410,91620,974239,330435,588409,270704,291133,174009,140646,121329,9.6,59.5
2025,12,広島県,132020,17010,8860,14440,15110,5750,1460,4760,12610,974239,330435,588409,270704,291133,174009,140646,121329,8.3,30.0
2025,12,福岡県,760200,277490,67290,146780,20650,84930,30900,33550,8720,974239,330435,588409,270704,291133,174009,140646,121329,10.4,58.5
2025,12,鹿児島県,66580,34340,5400,7810,3390,1640,570,2810,920,974239,330435,588409,270704,291133,174009,140646,121329,11.8,27.5
2025,12,沖縄県,440220,88920,20600,149410,35590,46020,5290,11160,1810,974239,330435,588409,270704,291133,174009,140646,121329,20.1,82.0
